{
    "graduate": 40.0,
    "rackham": 27.64705882352942,
    "scholarship": 25.588235294117652,
    "doctoral": 21.470588235294116,
    "studentsmaster": 21.470588235294116,
    "admissions": 21.470588235294116,
    "university": 19.411764705882348,
    "phd": 19.411764705882348,
    "enrolled": 19.411764705882348,
    "campus": 17.352941176470594,
    "edu": 15.294117647058826,
    "degree": 13.235294117647058,
    "academic": 11.176470588235304,
    "masters": 11.176470588235304,
    "educational": 9.117647058823536,
    "academia": 9.117647058823536,
    "courses": 9.117647058823536,
    "education": 7.058823529411768,
    "student": 7.058823529411768,
    "applicants": 7.058823529411768,
    "careers": 7.058823529411768,
    "admission": 7.058823529411768,
    "faculty": 7.058823529411768,
    "dissertation": 5.0
}